
INSERT INTO `SYS_PRIV`(PRIV_ID,PARENT_PRIV_ID,PRIV_CODE,PRIV_NAME,TYPE,URL,PATH,DESCRIPTION) VALUES (1,0,'DIRECTORY_SYSTEM','System',0,NULL,NULL,'System Directory');
INSERT INTO `SYS_PRIV`(PRIV_ID,PARENT_PRIV_ID,PRIV_CODE,PRIV_NAME,TYPE,URL,PATH,DESCRIPTION) VALUES (2,0,'DIRECTORY_TEST','Test',0,NULL,NULL,'Test Directory');
INSERT INTO `SYS_PRIV`(PRIV_ID,PARENT_PRIV_ID,PRIV_CODE,PRIV_NAME,TYPE,URL,PATH,DESCRIPTION) VALUES (101,1,'MENU_USER','User',1,'user/user','/user/index','User Management');
INSERT INTO `SYS_PRIV`(PRIV_ID,PARENT_PRIV_ID,PRIV_CODE,PRIV_NAME,TYPE,URL,PATH,DESCRIPTION) VALUES (102,1,'MENU_ROLE','Role',1,'role/role','/role/index','Role Management');
INSERT INTO `SYS_PRIV`(PRIV_ID,PARENT_PRIV_ID,PRIV_CODE,PRIV_NAME,TYPE,URL,PATH,DESCRIPTION) VALUES (103,1,'MENU_PRIVILEGE','Privilege',1,'privilege/priv','/priv/index','Priviliege Management');
INSERT INTO `SYS_PRIV`(PRIV_ID,PARENT_PRIV_ID,PRIV_CODE,PRIV_NAME,TYPE,URL,PATH,DESCRIPTION) VALUES (104,1,'MENU_PARAMETER','Parameter',1,'param/param','/param/index','Parameter Management');
INSERT INTO `SYS_PRIV`(PRIV_ID,PARENT_PRIV_ID,PRIV_CODE,PRIV_NAME,TYPE,URL,PATH,DESCRIPTION) VALUES (105,1,'MENU_CACHE','Cache',1,'cache/cache','/cache/index','CacheManagement');
INSERT INTO `SYS_PRIV`(PRIV_ID,PARENT_PRIV_ID,PRIV_CODE,PRIV_NAME,TYPE,URL,PATH,DESCRIPTION) VALUES (106,1,'MENU_JOBSERVICE','JobService',1,'jobservice/jobservice','/jobservice/index','JobService Management');
INSERT INTO `SYS_PRIV`(PRIV_ID,PARENT_PRIV_ID,PRIV_CODE,PRIV_NAME,TYPE,URL,PATH,DESCRIPTION) VALUES (107,1,'MENU_APP','App',1,'appversion/app','/appversion/app','App Management');
INSERT INTO `SYS_PRIV`(PRIV_ID,PARENT_PRIV_ID,PRIV_CODE,PRIV_NAME,TYPE,URL,PATH,DESCRIPTION) VALUES (108,1,'MENU_APP_VERSION','App Version',1,'appversion/index','/appversion/index','App Version Management');
INSERT INTO `SYS_PRIV`(PRIV_ID,PARENT_PRIV_ID,PRIV_CODE,PRIV_NAME,TYPE,URL,PATH,DESCRIPTION) VALUES (109,1,'MENU_LOG_AUDIT','Log Audit',1,'logAudit/index','/logAudit/index','Log Audit  Management');
INSERT INTO `SYS_PRIV`(PRIV_ID,PARENT_PRIV_ID,PRIV_CODE,PRIV_NAME,TYPE,URL,PATH,DESCRIPTION) VALUES (201,2,'MENU_TEST_PAGE','Test Page',1,'test/index','/test/index','Test Page Management');

INSERT INTO `SYS_PRIV` (PRIV_ID, PARENT_PRIV_ID, PRIV_CODE, PRIV_NAME, TYPE, DESCRIPTION)
VALUES (301, 0, 'sys:app:add', 'sys:app:add', 2, 'data privliege');
INSERT INTO `SYS_PRIV` (PRIV_ID, PARENT_PRIV_ID, PRIV_CODE, PRIV_NAME, TYPE, DESCRIPTION)
VALUES (302, 0, 'sys:app:update', 'sys:app:update', 2, 'data privliege');
INSERT INTO `SYS_PRIV` (PRIV_ID, PARENT_PRIV_ID, PRIV_CODE, PRIV_NAME, TYPE, DESCRIPTION)
VALUES (303, 0, 'sys:app:delete', 'sys:app:delete', 2, 'data privliege');
INSERT INTO `SYS_PRIV` (PRIV_ID, PARENT_PRIV_ID, PRIV_CODE, PRIV_NAME, TYPE, DESCRIPTION)
VALUES (304, 0, 'sys:app:query', 'sys:app:query', 2, 'data privliege');

INSERT INTO `SYS_PRIV` (PRIV_ID, PARENT_PRIV_ID, PRIV_CODE, PRIV_NAME, TYPE, DESCRIPTION)
VALUES (311, 0, 'sys:appversion:add', 'sys:appversion:add', 2, 'data privliege');
INSERT INTO `SYS_PRIV` (PRIV_ID, PARENT_PRIV_ID, PRIV_CODE, PRIV_NAME, TYPE, DESCRIPTION)
VALUES (312, 0, 'sys:appversion:update', 'sys:appversion:update', 2, 'data privliege');
INSERT INTO `SYS_PRIV` (PRIV_ID, PARENT_PRIV_ID, PRIV_CODE, PRIV_NAME, TYPE, DESCRIPTION)
VALUES (313, 0, 'sys:appversion:delete', 'sys:appversion:delete', 2, 'data privliege');
INSERT INTO `SYS_PRIV` (PRIV_ID, PARENT_PRIV_ID, PRIV_CODE, PRIV_NAME, TYPE, DESCRIPTION)
VALUES (314, 0, 'sys:appversion:query', 'sys:appversion:query', 2, 'data privliege');

INSERT INTO `SYS_PRIV` (PRIV_ID, PARENT_PRIV_ID, PRIV_CODE, PRIV_NAME, TYPE, DESCRIPTION)
VALUES (321, 0, 'sys:cache:query', 'sys:cache:query', 2, 'data privliege');
INSERT INTO `SYS_PRIV` (PRIV_ID, PARENT_PRIV_ID, PRIV_CODE, PRIV_NAME, TYPE, DESCRIPTION)
VALUES (322, 0, 'sys:cache:delete', 'sys:cache:delete', 2, 'data privliege');


INSERT INTO `SYS_PRIV` (PRIV_ID, PARENT_PRIV_ID, PRIV_CODE, PRIV_NAME, TYPE, DESCRIPTION)
VALUES (331, 0, 'sys:logAudit:query', 'sys:logAudit:query', 2, 'data privliege');


INSERT INTO `SYS_PRIV` (PRIV_ID, PARENT_PRIV_ID, PRIV_CODE, PRIV_NAME, TYPE, DESCRIPTION)
VALUES (341, 0, 'sys:param:add', 'sys:param:add', 2, 'data privliege');
INSERT INTO `SYS_PRIV` (PRIV_ID, PARENT_PRIV_ID, PRIV_CODE, PRIV_NAME, TYPE, DESCRIPTION)
VALUES (342, 0, 'sys:param:update', 'sys:param:update', 2, 'data privliege');
INSERT INTO `SYS_PRIV` (PRIV_ID, PARENT_PRIV_ID, PRIV_CODE, PRIV_NAME, TYPE, DESCRIPTION)
VALUES (343, 0, 'sys:param:delete', 'sys:param:delete', 2, 'data privliege');
INSERT INTO `SYS_PRIV` (PRIV_ID, PARENT_PRIV_ID, PRIV_CODE, PRIV_NAME, TYPE, DESCRIPTION)
VALUES (344, 0, 'sys:param:query', 'sys:param:query', 2, 'data privliege');


INSERT INTO `SYS_PRIV` (PRIV_ID, PARENT_PRIV_ID, PRIV_CODE, PRIV_NAME, TYPE, DESCRIPTION)
VALUES (351, 0, 'sys:priv:add', 'sys:priv:add', 2, 'data privliege');
INSERT INTO `SYS_PRIV` (PRIV_ID, PARENT_PRIV_ID, PRIV_CODE, PRIV_NAME, TYPE, DESCRIPTION)
VALUES (352, 0, 'sys:priv:update', 'sys:priv:update', 2, 'data privliege');
INSERT INTO `SYS_PRIV` (PRIV_ID, PARENT_PRIV_ID, PRIV_CODE, PRIV_NAME, TYPE, DESCRIPTION)
VALUES (353, 0, 'sys:priv:delete', 'sys:priv:delete', 2, 'data privliege');
INSERT INTO `SYS_PRIV` (PRIV_ID, PARENT_PRIV_ID, PRIV_CODE, PRIV_NAME, TYPE, DESCRIPTION)
VALUES (354, 0, 'sys:priv:query', 'sys:priv:query', 2, 'data privliege');


INSERT INTO `SYS_PRIV` (PRIV_ID, PARENT_PRIV_ID, PRIV_CODE, PRIV_NAME, TYPE, DESCRIPTION)
VALUES (361, 0, 'sys:role:add', 'sys:role:add', 2, 'data roleliege');
INSERT INTO `SYS_PRIV` (PRIV_ID, PARENT_PRIV_ID, PRIV_CODE, PRIV_NAME, TYPE, DESCRIPTION)
VALUES (362, 0, 'sys:role:update', 'sys:role:update', 2, 'data roleliege');
INSERT INTO `SYS_PRIV` (PRIV_ID, PARENT_PRIV_ID, PRIV_CODE, PRIV_NAME, TYPE, DESCRIPTION)
VALUES (363, 0, 'sys:role:delete', 'sys:role:delete', 2, 'data roleliege');
INSERT INTO `SYS_PRIV` (PRIV_ID, PARENT_PRIV_ID, PRIV_CODE, PRIV_NAME, TYPE, DESCRIPTION)
VALUES (364, 0, 'sys:role:query', 'sys:role:query', 2, 'data roleliege');


INSERT INTO `SYS_PRIV` (PRIV_ID, PARENT_PRIV_ID, PRIV_CODE, PRIV_NAME, TYPE, DESCRIPTION)
VALUES (371, 0, 'sys:rolepriv:add', 'sys:rolepriv:add', 2, 'data privliege');
INSERT INTO `SYS_PRIV` (PRIV_ID, PARENT_PRIV_ID, PRIV_CODE, PRIV_NAME, TYPE, DESCRIPTION)
VALUES (372, 0, 'sys:rolepriv:delete', 'sys:rolepriv:delete', 2, 'data privliege');


INSERT INTO `SYS_PRIV` (PRIV_ID, PARENT_PRIV_ID, PRIV_CODE, PRIV_NAME, TYPE, DESCRIPTION)
VALUES (381, 0, 'sys:user:add', 'sys:user:add', 2, 'data userliege');
INSERT INTO `SYS_PRIV` (PRIV_ID, PARENT_PRIV_ID, PRIV_CODE, PRIV_NAME, TYPE, DESCRIPTION)
VALUES (382, 0, 'sys:user:update', 'sys:user:update', 2, 'data userliege');
INSERT INTO `SYS_PRIV` (PRIV_ID, PARENT_PRIV_ID, PRIV_CODE, PRIV_NAME, TYPE, DESCRIPTION)
VALUES (383, 0, 'sys:user:delete', 'sys:user:delete', 2, 'data userliege');
INSERT INTO `SYS_PRIV` (PRIV_ID, PARENT_PRIV_ID, PRIV_CODE, PRIV_NAME, TYPE, DESCRIPTION)
VALUES (384, 0, 'sys:user:query', 'sys:user:query', 2, 'data userliege');
INSERT INTO `SYS_PRIV` (PRIV_ID, PARENT_PRIV_ID, PRIV_CODE, PRIV_NAME, TYPE, DESCRIPTION)
VALUES (385, 0, 'sys:user:lock', 'sys:user:lock', 2, 'data userliege');
INSERT INTO `SYS_PRIV` (PRIV_ID, PARENT_PRIV_ID, PRIV_CODE, PRIV_NAME, TYPE, DESCRIPTION)
VALUES (386, 0, 'sys:user:unlock', 'sys:user:unlock', 2, 'data userliege');
INSERT INTO `SYS_PRIV` (PRIV_ID, PARENT_PRIV_ID, PRIV_CODE, PRIV_NAME, TYPE, DESCRIPTION)
VALUES (387, 0, 'sys:user:resetPwd', 'sys:user:resetPwd', 2, 'data userliege');


INSERT INTO `SYS_PRIV` (PRIV_ID, PARENT_PRIV_ID, PRIV_CODE, PRIV_NAME, TYPE, DESCRIPTION)
VALUES (391, 0, 'sys:userrole:add', 'sys:userrole:add', 2, 'data privliege');
INSERT INTO `SYS_PRIV` (PRIV_ID, PARENT_PRIV_ID, PRIV_CODE, PRIV_NAME, TYPE, DESCRIPTION)
VALUES (392, 0, 'sys:userrole:delete', 'sys:userrole:delete', 2, 'data privliege');



INSERT INTO `SYS_ROLE`(ROLE_ID,ROLE_CODE,ROLE_NAME,DESCRIPTION) VALUES (1,'SYSTEM_ADMIN','System Admin','System Administrator'),(2,'TEST_ADMIN','Test Admin','Test Administrator');

INSERT INTO `SYS_ROLE_PRIV`(ROLE_ID, PRIV_ID) VALUES (1,1),(1,2),(1,101),(1,102),(1,103),(1,104),(1,105),(1,106),(1,107),(1,108),(1,109),(1,201);

INSERT INTO `SYS_ROLE_PRIV` (ROLE_ID, PRIV_ID) VALUES (1, 301), (1, 302), (1, 303), (1, 304);
INSERT INTO `SYS_ROLE_PRIV` (ROLE_ID, PRIV_ID) VALUES (1, 311), (1, 312), (1, 313), (1, 314);
INSERT INTO `SYS_ROLE_PRIV` (ROLE_ID, PRIV_ID) VALUES (1, 321), (1, 322);
INSERT INTO `SYS_ROLE_PRIV` (ROLE_ID, PRIV_ID) VALUES (1, 331);
INSERT INTO `SYS_ROLE_PRIV` (ROLE_ID, PRIV_ID) VALUES (1, 341), (1, 342), (1, 343), (1, 344);
INSERT INTO `SYS_ROLE_PRIV` (ROLE_ID, PRIV_ID) VALUES (1, 351), (1, 352), (1, 353), (1, 354);
INSERT INTO `SYS_ROLE_PRIV` (ROLE_ID, PRIV_ID) VALUES (1, 361), (1, 362), (1, 363), (1, 364);
INSERT INTO `SYS_ROLE_PRIV` (ROLE_ID, PRIV_ID) VALUES (1, 371), (1, 372);
INSERT INTO `SYS_ROLE_PRIV` (ROLE_ID, PRIV_ID)
VALUES (1, 381), (1, 382), (1, 383), (1, 384), (1, 385), (1, 386), (1, 387);
INSERT INTO `SYS_ROLE_PRIV` (ROLE_ID, PRIV_ID) VALUES (1, 391), (1, 392);

INSERT INTO `SYS_USER`(USER_ID,USER_NAME,USER_CODE,PWD,MOBILE,MEMO,USER_EFF_DATE,USER_EXP_DATE,CREATED_DATE,STATE,STATE_DATE,IS_LOCKED,PWD_EXP_DATE,FORCE_LOGIN,LOGIN_FAIL,UNLOCK_DATE,USER_SRC) VALUES (1,'admin','admin','57dd03ed397eabaeaa395eb740b770fd','10086','管理员','2016-12-20 12:12:12',NULL,'2016-12-20 12:12:12','A','2016-12-20 12:12:12','N',NULL,NULL,0,NULL,0);

INSERT INTO `SYS_USER_ROLE`(ROLE_ID,USER_ID) VALUES (1,1);


